{"name":"c37b6cc5-4e75-a0ef-5511-ef6fe005b775","id":"/providers/Microsoft.Flow/flows/c37b6cc5-4e75-a0ef-5511-ef6fe005b775","type":"Microsoft.Flow/flows","properties":{"apiId":"/providers/Microsoft.PowerApps/apis/shared_logicflows","displayName":"Q Works Lite Notifications V3","definition":{"metadata":{"workflowEntityId":"f035df8c-8b9c-ef11-8a6a-6045bd9304da","processAdvisorMetadata":null,"flowChargedByPaygo":null,"flowclientsuspensionreason":"None","flowclientsuspensiontime":null,"flowclientsuspensionreasondetails":null,"creator":{"id":"2711c646-30e8-4101-a8fe-2f65f5d4ddf9","type":"User","tenantId":"4bffbf87-53a0-4fce-b58b-4179cb3a3b7d"},"provisioningMethod":"FromDefinition","failureAlertSubscription":true,"clientLastModifiedTime":"2024-11-08T14:12:38.3761256Z","connectionKeySavedTimeKey":"2024-11-08T14:12:38.3761256Z"},"$schema":"https://schema.management.azure.com/providers/Microsoft.Logic/schemas/2016-06-01/workflowdefinition.json#","contentVersion":"1.0.0.0","parameters":{"$authentication":{"defaultValue":{},"type":"SecureObject"},"$connections":{"defaultValue":{},"type":"Object"}},"triggers":{"manual":{"metadata":{},"type":"Request","kind":"TeamsWebhook","inputs":{"schema":{"type":"object","properties":{"type":{"type":"string"},"attachments":{"type":"array","items":{"type":"object","properties":{"contentType":{"contentType":{"type":"string"}},"content":{"content":{"type":"object","properties":{"$schema":{"type":"string"},"type":{"type":"string"},"version":{"type":"string"},"body":{"type":"array","items":{"type":"object","properties":{"type":{"type":"string"}},"required":["type"]}}}}}},"required":["contentType","content"]}}}},"triggerAuthenticationType":"All"},"conditions":[{"expression":"@equals(triggerOutputs()?['headers']['TriggerSecret'], 'TriggerSecretPlaceHolder')"}]}},"actions":{"Initialize_CallId":{"runAfter":{"Parse_Request_JSON":["Succeeded"]},"metadata":{"operationMetadataId":"81e66d59-7d2e-4784-a5c1-46f778650912"},"type":"InitializeVariable","inputs":{"variables":[{"name":"CallId","type":"string","value":"@body('Parse_Request_JSON')?['CallId']"}]}},"Initialize_CallerNumber":{"runAfter":{"Initialize_NotificationTeamId":["Succeeded"]},"metadata":{"operationMetadataId":"fe73a8a0-6fbc-4622-b07e-75b8145c532a"},"type":"InitializeVariable","inputs":{"variables":[{"name":"CallerNumber","type":"string","value":"@body('Parse_Request_JSON')?['CallerNumber']"}]}},"Initialize_CallerNumberPretty":{"runAfter":{"Initialize_TeamsCallingDeepLink":["Succeeded"]},"metadata":{"operationMetadataId":"fe73a8a0-6fbc-4622-b07e-75b8145c532a"},"type":"InitializeVariable","inputs":{"variables":[{"name":"CallerNumberPretty","type":"string","value":"@body('Parse_Request_JSON')?['CallerNumberPretty']"}]}},"Initialize_NotificationTeamId":{"runAfter":{"Initialize_SessionIds":["Succeeded"]},"metadata":{"operationMetadataId":"4af422d4-7e22-4885-88fe-c5f9e4592acc"},"type":"InitializeVariable","inputs":{"variables":[{"name":"NotificationTeamId","type":"string","value":"@body('Parse_Request_JSON')?['NotificationTeamId']"}]}},"Initialize_CalleeNumber":{"runAfter":{"Initialize_CallerNumberPretty":["Succeeded"]},"metadata":{"operationMetadataId":"fe73a8a0-6fbc-4622-b07e-75b8145c532a"},"type":"InitializeVariable","inputs":{"variables":[{"name":"CalleeNumber","type":"string","value":"@body('Parse_Request_JSON')?['CalleeNumber']"}]}},"Initialize_CalleeNumberPretty":{"runAfter":{"Initialize_CalleeNumber":["Succeeded"]},"metadata":{"operationMetadataId":"fe73a8a0-6fbc-4622-b07e-75b8145c532a"},"type":"InitializeVariable","inputs":{"variables":[{"name":"CalleeNumberPretty","type":"string","value":"@body('Parse_Request_JSON')?['CalleeNumberPretty']"}]}},"Initialize_CalledVoiceApp":{"runAfter":{"Initialize_CalleeNumberPretty":["Succeeded"]},"metadata":{"operationMetadataId":"7420fc6d-bb41-4681-a16c-9b0acb90deb7"},"type":"InitializeVariable","inputs":{"variables":[{"name":"CalledVoiceApp","type":"string","value":"@body('Parse_Request_JSON')?['CalledVoiceApp']"}]}},"Initialize_ReceivedDateTime":{"runAfter":{"Initialize_CalledVoiceApp":["Succeeded"]},"metadata":{"operationMetadataId":"c133af27-9280-4b26-bad9-8addeba71045"},"type":"InitializeVariable","inputs":{"variables":[{"name":"ReceivedDateTime","type":"string","value":"@body('Parse_Request_JSON')?['StartTime']"}]}},"Initialize_CallDuration":{"runAfter":{"Initialize_ReceivedDateTime":["Succeeded"]},"metadata":{"operationMetadataId":"78dc87e8-6e4e-4197-aae3-afeef461fa17"},"type":"InitializeVariable","inputs":{"variables":[{"name":"CallDuration","type":"string","value":"@body('Parse_Request_JSON')?['CallDuration']"}]}},"Get_messages":{"runAfter":{"Initialize_NotificationChannelId":["Succeeded"],"Initialize_NotificationChannelName":["Succeeded"],"Initialize_EmojiUrl":["Succeeded"]},"metadata":{"operationMetadataId":"19d21353-094f-4e3b-a3db-34c6a86e2e75"},"type":"OpenApiConnection","inputs":{"parameters":{"groupId":"@variables('NotificationTeamId')","channelId":"@variables('NotificationChannelId')"},"host":{"apiId":"/providers/Microsoft.PowerApps/apis/shared_teams","connectionName":"shared_teams","operationId":"GetMessagesFromChannel"},"authentication":"@parameters('$authentication')"}},"For_Each_Message":{"foreach":"@outputs('Get_messages')?['body/value']","actions":{"Compose_Existing_Adaptive_Cards_in_Channel":{"metadata":{"operationMetadataId":"61c126d8-ef7c-4810-bb54-9cc30fc76fce"},"type":"Compose","inputs":"@items('For_Each_Message')?['attachments']"},"Parse_JSON_Existing_Adaptive_Cards_in_Channel":{"runAfter":{"Compose_Existing_Adaptive_Cards_in_Channel":["Succeeded"]},"metadata":{"operationMetadataId":"c97a4165-1fa8-4b60-829d-8cbdbd5a8faa"},"type":"ParseJson","inputs":{"content":"@outputs('Compose_Existing_Adaptive_Cards_in_Channel')","schema":{"type":"array","items":{"type":"object","properties":{"id":{"type":"string"},"contentType":{"type":"string"},"content":{"type":"string"}},"required":["id","contentType","content"]}}}},"For_Each_Existing_Adaptive_Card":{"foreach":"@body('Parse_JSON_Existing_Adaptive_Cards_in_Channel')","actions":{"Notification_Already_Sent":{"actions":{"Set_AlreadyNotified_True":{"metadata":{"operationMetadataId":"bfdd63af-d791-48fe-b01a-fbd062c1fbfa"},"type":"SetVariable","inputs":{"name":"AlreadyNotified","value":true}}},"else":{"actions":{}},"expression":{"and":[{"contains":["@items('For_Each_Existing_Adaptive_Card')['content']","@variables('CallId')"]}]},"metadata":{"operationMetadataId":"3c738e68-da38-404d-bef7-89688a88995c"},"type":"If"}},"runAfter":{"Parse_JSON_Existing_Adaptive_Cards_in_Channel":["Succeeded"]},"metadata":{"operationMetadataId":"2c36566c-d3f0-441f-9430-63149eebc69c"},"type":"Foreach"}},"runAfter":{"Get_messages":["Succeeded"]},"metadata":{"operationMetadataId":"f938b3ae-da7e-4168-8bc9-73e20ec689a1"},"type":"Foreach"},"Notification_Not_Sent_Already":{"actions":{"Parse_JSON_Call_Log_Chat_History":{"runAfter":{"Send_a_Microsoft_Graph_HTTP_request":["Succeeded"]},"metadata":{"operationMetadataId":"0b365c0b-12e3-4d8c-bfce-a28f8bf4047d"},"type":"ParseJson","inputs":{"content":"@outputs('Send_a_Microsoft_Graph_HTTP_request')","schema":{"type":"object","properties":{"statusCode":{"type":"integer"},"headers":{"type":"object","properties":{"Transfer-Encoding":{"type":"string"},"Vary":{"type":"string"},"Strict-Transport-Security":{"type":"string"},"request-id":{"type":"string"},"client-request-id":{"type":"string"},"x-ms-ags-diagnostic":{"type":"string"},"OData-Version":{"type":"string"},"x-ms-client-region":{"type":"string"},"x-ms-flavor":{"type":"string"},"x-ms-workflow-name":{"type":"string"},"X-Ms-Workflow-Resourcegroup-Name":{"type":"string"},"x-ms-workflow-run-id":{"type":"string"},"x-ms-workflow-subscription-id":{"type":"string"},"x-ms-workflow-version":{"type":"string"},"x-ms-tenant-id":{"type":"string"},"Timing-Allow-Origin":{"type":"string"},"x-ms-apihub-cached-response":{"type":"string"},"x-ms-apihub-obo":{"type":"string"},"Date":{"type":"string"},"Content-Type":{"type":"string"},"Content-Length":{"type":"string"}}},"body":{"type":"object","properties":{"@@odata.context":{"type":"string"},"@@odata.count":{"type":"integer"},"@@odata.nextLink":{"type":"string"},"value":{"type":"array","items":{"type":"object","properties":{"id":{"type":"string"},"replyToId":{},"etag":{"type":"string"},"messageType":{"type":"string"},"createdDateTime":{"type":"string"},"lastModifiedDateTime":{"type":"string"},"lastEditedDateTime":{},"deletedDateTime":{},"subject":{},"summary":{},"chatId":{"type":"string"},"importance":{"type":"string"},"locale":{"type":"string"},"webUrl":{},"channelIdentity":{},"policyViolation":{},"eventDetail":{},"from":{"type":"object","properties":{"application":{},"device":{},"user":{"type":"object","properties":{"@@odata.type":{"type":"string"},"id":{"type":"string"},"displayName":{"type":"string"},"userIdentityType":{"type":"string"},"tenantId":{"type":"string"}}}}},"body":{"type":"object","properties":{"contentType":{"type":"string"},"content":{"type":"string"}}},"attachments":{"type":"array"},"mentions":{"type":"array"},"reactions":{"type":"array"}},"required":["id","replyToId","etag","messageType","createdDateTime","lastModifiedDateTime","lastEditedDateTime","deletedDateTime","subject","summary","chatId","importance","locale","webUrl","channelIdentity","policyViolation","eventDetail","from","body","attachments","mentions","reactions"]}}}}}}}},"For_Each_Call_Log_Entry":{"foreach":"@body('Parse_JSON_Call_Log_Chat_History')?['body']?['value']","actions":{"Compose_Call_Log_Body":{"metadata":{"operationMetadataId":"3eced5d0-a8c6-46e4-a017-91b415ed9abc"},"type":"Compose","inputs":"@items('For_Each_Call_Log_Entry')?['body']?['content']"},"Compose_Call_Log_Call_Id":{"runAfter":{"Compose_Call_Log_Body":["Succeeded"]},"metadata":{"operationMetadataId":"9e57ec96-7cd7-4381-b16a-841fa608705c"},"type":"Compose","inputs":"@last(split(outputs('Compose_Call_Log_Body'), ' '))"},"Check_if_Call_Log_contains_Call_Id_or_Session_Ids_contain_current_Call_Log_Id":{"actions":{"Set_CallIdExistsInCallLog":{"metadata":{"operationMetadataId":"d3814f77-726d-45a6-b723-1bb2f9ad896f"},"type":"SetVariable","inputs":{"name":"CallIdExistsInCallLog","value":true}}},"runAfter":{"Compose_Call_Log_Call_Id":["Succeeded"]},"else":{"actions":{}},"expression":{"or":[{"equals":["@outputs('Compose_Call_Log_Call_Id')","@variables('CallId')"]},{"contains":["@variables('SessionIds')","@outputs('Compose_Call_Log_Call_Id')"]}]},"metadata":{"operationMetadataId":"c4c71648-d764-44c8-922e-5da91ffacf97"},"type":"If"}},"runAfter":{"Parse_JSON_Call_Log_Chat_History":["Succeeded"]},"metadata":{"operationMetadataId":"ea32a49a-6a59-4bf7-9330-cd3e8753b84b"},"type":"Foreach"},"Check_if_Call_Result_is_Missed":{"actions":{},"runAfter":{"For_Each_Call_Log_Entry":["Succeeded"]},"else":{"actions":{"Post_adaptive_card_and_wait_for_a_response":{"runAfter":{"Set_ReportDurationInteger":["Succeeded"]},"metadata":{"operationMetadataId":"84249814-5da5-474a-9583-0b7495e3e5a7"},"type":"OpenApiConnectionWebhook","inputs":{"parameters":{"poster":"Flow bot","location":"Channel","body/body/messageBody":"{\n    \"$schema\": \"http://adaptivecards.io/schemas/adaptive-card.json\",\n    \"type\": \"AdaptiveCard\",\n    \"version\": \"1.5\",\n    \"msteams\": {\n        \"width\": \"Full\"\n    },\n    \"body\": [\n        {\n            \"type\": \"TextBlock\",\n            \"text\": \"Missed Call from @{variables('CallerNumberPretty')}\",\n            \"size\": \"Large\",\n            \"style\": \"heading\",\n            \"color\": \"Warning\"\n        },\n        {\n            \"type\": \"ColumnSet\",\n            \"columns\": [\n                {\n                    \"type\": \"Column\",\n                    \"width\": \"auto\",\n                    \"items\": [\n                        {\n                            \"type\": \"FactSet\",\n                            \"facts\": [\n@{variables('CallerNameJsonObject')}\n                                {\n                                    \"title\": \"Caller Number\",\n                                    \"value\": \"@{variables('CallerNumberPretty')}\"\n                                },\n                                {\n                                    \"title\": \"\",\n                                    \"value\": \"\"\n                                },\n                                {\n                                    \"title\": \"Called Number\",\n                                    \"value\": \"@{variables('CalleeNumberPretty')}\"\n                                },\n                                {\n                                    \"title\": \"Called Voice App\",\n                                    \"value\": \"@{variables('CalledVoiceApp')}\"\n                                },\n                                {\n                                    \"title\": \"Abandoned After\",\n                                    \"value\": \"@{variables('CallDuration')}\"\n                                },\n                                {\n                                    \"title\": \"\",\n                                    \"value\": \"\"\n                                },\n                                {\n                                    \"title\": \"Date/Time Missed\",\n                                    \"value\": \"{{DATE(@{formatDateTime(variables('ReceivedDateTime'), 'yyyy-MM-ddTHH:mm:ssZ')}, SHORT)}} {{TIME(@{formatDateTime(variables('ReceivedDateTime'), 'yyyy-MM-ddTHH:mm:ssZ')})}}\"\n                                },\n                                {\n                                    \"title\": \"Date/Time Reported\",\n                                    \"value\": \"{{DATE(@{formatDateTime(variables('ReportedDateTime'), 'yyyy-MM-ddTHH:mm:ssZ')}, SHORT)}} {{TIME(@{formatDateTime(variables('ReportedDateTime'), 'yyyy-MM-ddTHH:mm:ssZ')})}}\"\n                                }\n                            ]\n                        }\n                    ]\n                }\n            ],\n            \"spacing\": \"Medium\",\n            \"separator\": true\n        },\n        {\n            \"type\": \"ActionSet\",\n            \"actions\": [\n@{variables('CallOnTeamsButtonJsonObject')}\n@{variables('ChatOnTeamsButtonJsonObject')}\n                {\n                    \"type\": \"Action.OpenUrl\",\n                    \"title\": \"Call Back\",\n                    \"style\": \"positive\",\n                    \"url\": \"@{variables('TeamsCallingDeepLink')}\",\n                    \"tooltip\": \"Click to start a Teams call to @{variables('CallerNumberPretty')}...\"\n                },\n                {\n                    \"type\": \"Action.Submit\",\n                    \"title\": \"Call Completed\",\n                    \"style\": \"positive\",\n                    \"tooltip\": \"Click to mark this card as complete after you've called  @{variables('CallerNumberPretty')} back...\"\n                },\n                {\n                    \"type\": \"Action.ShowCard\",\n                    \"title\": \"Show Details\",\n                    \"card\": {\n                        \"type\": \"AdaptiveCard\",\n                        \"body\": [\n                            {\n                                \"type\": \"FactSet\",\n                                \"facts\": [\n                                    {\n                                        \"title\": \"Call Id\",\n                                        \"value\": \"@{variables('CallId')}\"\n                                    }\n                                ]\n                            }\n                        ]\n                    }\n                }\n            ]\n        }\n    ]\n}","body/body/updateMessage":"Thank you for calling back @{variables('CallerNumberPretty')}","body/body/recipient/groupId":"@variables('NotificationTeamId')","body/body/recipient/channelId":"@variables('NotificationChannelId')"},"host":{"apiId":"/providers/Microsoft.PowerApps/apis/shared_teams","connectionName":"shared_teams","operationId":"PostCardAndWaitForResponse"},"authentication":"@parameters('$authentication')"}},"Set_ReportDurationInteger":{"runAfter":{"Set_ReportDurationString":["Succeeded"]},"metadata":{"operationMetadataId":"0cb3b19f-18f6-4acb-9af9-8cbc9c947f86"},"type":"SetVariable","inputs":{"name":"ReportDurationInteger","value":"@int(variables('ReportDurationString'))"}},"Set_CompletedDateTime":{"runAfter":{"Post_adaptive_card_and_wait_for_a_response":["Succeeded"]},"metadata":{"operationMetadataId":"f011a9e3-1cfd-4049-84fc-1ea530f58586"},"type":"SetVariable","inputs":{"name":"CompletedDateTime","value":"@{utcNow()}"}},"Set_CompletionDurationString":{"runAfter":{"Set_CompletedDateTime":["Succeeded"]},"metadata":{"operationMetadataId":"38f2214d-0775-4b78-adc1-1197a77cc389"},"type":"SetVariable","inputs":{"name":"CompletionDurationString","value":"@{div(sub(ticks(variables('CompletedDateTime')), ticks(variables('ReceivedDateTime'))), 600000000)}"}},"Set_CompletionDurationInteger":{"runAfter":{"Set_CompletionDurationString":["Succeeded"]},"metadata":{"operationMetadataId":"0cb3b19f-18f6-4acb-9af9-8cbc9c947f86"},"type":"SetVariable","inputs":{"name":"CompletionDurationInteger","value":"@int(variables('CompletionDurationString'))"}},"Set_CompletionNetDurationString":{"runAfter":{"Set_CompletionDurationInteger":["Succeeded"]},"metadata":{"operationMetadataId":"38f2214d-0775-4b78-adc1-1197a77cc389"},"type":"SetVariable","inputs":{"name":"CompletionNetDurationString","value":"@{div(sub(ticks(variables('CompletedDateTime')), ticks(variables('ReportedDateTime'))), 600000000)}"}},"Set_CompletionNetDurationInteger":{"runAfter":{"Set_CompletionNetDurationString":["Succeeded"]},"metadata":{"operationMetadataId":"0cb3b19f-18f6-4acb-9af9-8cbc9c947f86"},"type":"SetVariable","inputs":{"name":"CompletionNetDurationInteger","value":"@int(variables('CompletionNetDurationString'))"}},"If_CompletionNetDuration_is_less_or_equal_120":{"actions":{"Set_EmojiUrl_to_good":{"metadata":{"operationMetadataId":"db4b95a6-4cc4-471f-a74b-3d1d48c19421"},"type":"SetVariable","inputs":{"name":"EmojiUrl","value":"https://github.com/microsoft/fluentui-emoji/blob/main/assets/Smiling%20face/3D/smiling_face_3d.png?raw=true"}}},"runAfter":{"Set_CompletionNetDurationInteger":["Succeeded"]},"else":{"actions":{"If_CompletionDuration_is_less_or_equal_180":{"actions":{"Set_EmojiUrl_to_neutral":{"metadata":{"operationMetadataId":"9d471b83-66b8-4929-a89d-ca16f4d429de"},"type":"SetVariable","inputs":{"name":"EmojiUrl","value":"https://github.com/microsoft/fluentui-emoji/blob/main/assets/Neutral%20face/3D/neutral_face_3d.png?raw=true"}}},"else":{"actions":{"Set_EmojiUrl_to_sad":{"metadata":{"operationMetadataId":"4f2200d4-dd7c-44b8-9ffe-cbe320cf3a74"},"type":"SetVariable","inputs":{"name":"EmojiUrl","value":"https://github.com/microsoft/fluentui-emoji/blob/main/assets/Disappointed%20face/3D/disappointed_face_3d.png?raw=true"}}}},"expression":{"lessOrEquals":["@variables('CompletionNetDurationInteger')",180]},"metadata":{"operationMetadataId":"c07b0322-7ce6-4a27-9554-61533a260f9f"},"type":"If"}}},"expression":{"lessOrEquals":["@variables('CompletionNetDurationInteger')",120]},"metadata":{"operationMetadataId":"d5e72552-2088-4ceb-a12a-9a1810c10e69"},"type":"If"},"Compose_ResponderName":{"runAfter":{"If_CompletionNetDuration_is_less_or_equal_120":["Succeeded"]},"metadata":{"operationMetadataId":"37c75315-0713-42fa-b781-656264ed5bf4"},"type":"Compose","inputs":"@Outputs('Post_Adaptive_Card_and_Wait_for_a_Response')?['body/responder']['displayName']"},"Update_an_adaptive_card_in_a_chat_or_channel":{"runAfter":{"Compose_messageId":["Succeeded"]},"metadata":{"operationMetadataId":"8f1de9a1-0973-4cd4-bde5-07989ae9369a"},"type":"OpenApiConnection","inputs":{"parameters":{"poster":"Flow bot","location":"Channel","body/messageId":"@outputs('Compose_messageId')","body/recipient/groupId":"@variables('NotificationTeamId')","body/recipient/channelId":"@variables('NotificationChannelId')","body/messageBody":"{\n    \"type\": \"AdaptiveCard\",\n    \"$schema\": \"http://adaptivecards.io/schemas/adaptive-card.json\",\n    \"version\": \"1.5\",\n    \"msteams\": {\n        \"width\": \"Full\"\n    },\n    \"body\": [\n        {\n            \"type\": \"TextBlock\",\n            \"text\": \"Completed Call Back to: @{variables('CallerNumberPretty')}\",\n            \"size\": \"Large\",\n            \"style\": \"heading\",\n            \"color\": \"Good\",\n            \"spacing\": \"None\",\n            \"horizontalAlignment\": \"Left\",\n            \"wrap\": true\n        },\n        {\n            \"type\": \"ColumnSet\",\n            \"columns\": [\n                {\n                    \"type\": \"Column\",\n                    \"width\": \"auto\",\n                    \"items\": [\n                        {\n                            \"type\": \"FactSet\",\n                            \"facts\": [\n                                {\n                                    \"title\": \"Caller Number\",\n                                    \"value\": \"@{variables('CallerNumberPretty')}\"\n                                },\n                                {\n                                    \"title\": \"\",\n                                    \"value\": \"\"\n                                },\n                                {\n                                    \"title\": \"Called Number\",\n                                    \"value\": \"@{variables('CalleeNumberPretty')}\"\n                                },\n                                {\n                                    \"title\": \"Called Voice App\",\n                                    \"value\": \"@{variables('CalledVoiceApp')}\"\n                                },\n                                {\n                                    \"title\": \"Completed by\",\n                                    \"value\": \"@{outputs('Compose_ResponderName')}\"\n                                }\n                            ]\n                        }\n                    ]\n                }\n            ],\n            \"spacing\": \"Medium\",\n            \"separator\": true\n        }\n    ],\n    \"actions\": [\n        {\n            \"type\": \"Action.ShowCard\",\n            \"title\": \"More Options\",\n            \"card\": {\n                \"type\": \"AdaptiveCard\",\n                \"version\": \"1.3\",\n                \"body\": [\n                    {\n                        \"type\": \"ActionSet\",\n                        \"actions\": [\n@{variables('CallOnTeamsButtonJsonObject')}\n@{variables('ChatOnTeamsButtonJsonObject')}\n                            {\n                                \"type\": \"Action.OpenUrl\",\n                                \"title\": \"Call Again\",\n                                \"url\": \"@{variables('TeamsCallingDeepLink')}\",\n                                \"tooltip\": \"Click to start a Teams call to @{variables('CallerNumberPretty')}...\"\n                            }\n                        ]\n                    }\n                ]\n            },\n            \"tooltip\": \"Click for more options...\"\n        },\n        {\n            \"type\": \"Action.ShowCard\",\n            \"title\": \"Show Details\",\n            \"card\": {\n                \"type\": \"AdaptiveCard\",\n                \"version\": \"1.3\",\n                \"body\": [\n                    {\n                        \"type\": \"ColumnSet\",\n                        \"columns\": [\n                            {\n                                \"type\": \"Column\",\n                                \"width\": \"stretch\",\n                                \"items\": [\n                                    {\n                                        \"type\": \"FactSet\",\n                                        \"facts\": [\n                                            {\n                                                \"title\": \"Date/Time Missed\",\n                                                \"value\": \"{{DATE(@{formatDateTime(variables('ReceivedDateTime'), 'yyyy-MM-ddTHH:mm:ssZ')}, SHORT)}} {{TIME(@{formatDateTime(variables('ReceivedDateTime'), 'yyyy-MM-ddTHH:mm:ssZ')})}}\"\n                                            },\n                                            {\n                                                \"title\": \"Date/Time Reported\",\n                                                \"value\": \"{{DATE(@{formatDateTime(variables('ReportedDateTime'), 'yyyy-MM-ddTHH:mm:ssZ')}, SHORT)}} {{TIME(@{formatDateTime(variables('ReportedDateTime'), 'yyyy-MM-ddTHH:mm:ssZ')})}}\"\n                                            },\n                                            {\n                                                \"title\": \"Date/Time Completed\",\n                                                \"value\": \"{{DATE(@{formatDateTime(variables('CompletedDateTime'), 'yyyy-MM-ddTHH:mm:ssZ')}, SHORT)}} {{TIME(@{formatDateTime(variables('CompletedDateTime'), 'yyyy-MM-ddTHH:mm:ssZ')})}}\"\n                                            },\n                                            {\n                                                \"title\": \"\",\n                                                \"value\": \"\"\n                                            },\n                                            {\n                                                \"title\": \"Total Resolution Time\",\n                                                \"value\": \"@{if(greaterOrEquals(variables('CompletionDurationInteger'), 1440), formatDateTime(addDays(addMinutes('1970-01-01T00: 00: 00Z', variables('CompletionDurationInteger')), -1), 'dd:HH:mm'), formatDateTime(addMinutes('1970-01-01T00: 00: 00Z', variables('CompletionDurationInteger')), '00:HH:mm'))}\"\n                                            },\n                                            {\n                                                \"title\": \"Net Resolution Time\",\n                                                \"value\": \"@{if(greaterOrEquals(variables('CompletionNetDurationInteger'), 1440), formatDateTime(addDays(addMinutes('1970-01-01T00: 00: 00Z', variables('CompletionNetDurationInteger')), -1), 'dd:HH:mm'), formatDateTime(addMinutes('1970-01-01T00: 00: 00Z', variables('CompletionNetDurationInteger')), '00:HH:mm'))}\"\n                                            },\n                                            {\n                                                \"title\": \"Reporting Delay\",\n                                                \"value\": \"@{if(greaterOrEquals(variables('ReportDurationInteger'), 1440), formatDateTime(addDays(addMinutes('1970-01-01T00: 00: 00Z', variables('ReportDurationInteger')), -1), 'dd:HH:mm'), formatDateTime(addMinutes('1970-01-01T00: 00: 00Z', variables('ReportDurationInteger')), '00:HH:mm'))}\"\n                                            },                                \n                                            {\n                                                \"title\": \"Abandoned After\",\n                                                \"value\": \"@{variables('CallDuration')}\"\n                                            },\n                                            {\n                                                \"title\": \"\",\n                                                \"value\": \"\"\n                                            },\n                                            {\n                                                \"title\": \"Call Id\",\n                                                \"value\": \"@{variables('CallId')}\"\n                                            }\n                                        ]\n                                    }\n                                ]\n                            },\n                            {\n                                \"type\": \"Column\",\n                                \"width\": \"auto\",\n                                \"items\": [\n                                    {\n                                        \"type\": \"Image\",\n                                        \"url\": \"@{variables('EmojiUrl')}\",\n                                        \"size\": \"Medium\"\n                                    }\n                                ]\n                            }\n                        ]\n                    }\n                ]\n            },\n            \"tooltip\": \"Resolution Times and Report Delay are are in dd:hh:mm format. Abandoned After is in hh:mm:ss format.\"\n        }\n    ]\n}"},"host":{"apiId":"/providers/Microsoft.PowerApps/apis/shared_teams","connectionName":"shared_teams_1","operationId":"UpdateCardInConversation"},"authentication":"@parameters('$authentication')"}},"Compose_messageId":{"runAfter":{"Compose_ResponderName":["Succeeded"]},"metadata":{"operationMetadataId":"37a1d511-7e81-4dea-815f-18d030b11204"},"type":"Compose","inputs":"@Outputs('Post_Adaptive_Card_and_Wait_for_a_Response')?['body/messageId']"},"Check_Caller_Number_Entra_ID_Formatted":{"metadata":{"operationMetadataId":"841d2894-57ca-4d4a-973a-bf90e78d92a4"},"type":"OpenApiConnection","inputs":{"parameters":{"Uri":"https://graph.microsoft.com/v1.0/users?$filter=startsWith(mobilePhone, '@{replace(variables('CallerNumberPretty'), '+', '%2B')}')&$count=true","Method":"GET","CustomHeader1":"ConsistencyLevel: eventual","ContentType":"application/json"},"host":{"apiId":"/providers/Microsoft.PowerApps/apis/shared_office365users","connectionName":"shared_office365users","operationId":"HttpRequest"},"authentication":"@parameters('$authentication')"}},"Set_ReportDurationString":{"runAfter":{"If_CallerIsInternalTeamsUser_True":["Succeeded"]},"metadata":{"operationMetadataId":"38f2214d-0775-4b78-adc1-1197a77cc389"},"type":"SetVariable","inputs":{"name":"ReportDurationString","value":"@{div(sub(ticks(variables('ReportedDateTime')), ticks(variables('ReceivedDateTime'))), 600000000)}"}},"Check_If_Entra_ID_User_Match_For_Caller_Number_Formatted":{"actions":{"Set_CallerDisplayName_Formatted":{"metadata":{"operationMetadataId":"11e68ad5-ef9c-4566-ae1c-a5f0e53a97c4"},"type":"SetVariable","inputs":{"name":"CallerDisplayName","value":"@{outputs('Check_Caller_Number_Entra_ID_Formatted')?['body']?['value'][0]['displayName']}"}},"Set_CallerDisplayEmail_Formatted":{"runAfter":{"Set_CallerDisplayName_Formatted":["Succeeded"]},"metadata":{"operationMetadataId":"377fc01a-bf77-431c-95a2-108996250fcb"},"type":"SetVariable","inputs":{"name":"CallerEmailAddress","value":"@{outputs('Check_Caller_Number_Entra_ID_Formatted')?['body']?['value'][0]['mail']}"}},"Set_CallerIsInternalTeamsUser_Formatted":{"runAfter":{"Set_CallerDisplayEmail_Formatted":["Succeeded"]},"metadata":{"operationMetadataId":"1d996364-fd73-41db-87ae-9da43d04affe"},"type":"SetVariable","inputs":{"name":"CallerIsInternalTeamsUser","value":true}}},"runAfter":{"Check_Caller_Number_Entra_ID_Formatted":["Succeeded"]},"else":{"actions":{"Check_Caller_Number_Entra_ID_E164":{"metadata":{"operationMetadataId":"841d2894-57ca-4d4a-973a-bf90e78d92a4"},"type":"OpenApiConnection","inputs":{"parameters":{"Uri":"https://graph.microsoft.com/v1.0/users?$filter=startsWith(mobilePhone, '@{replace(replace(variables('CallerNumberPretty'), '+', '%2B'), ' ', '')}')&$count=true","Method":"GET","CustomHeader1":"ConsistencyLevel: eventual","ContentType":"application/json"},"host":{"apiId":"/providers/Microsoft.PowerApps/apis/shared_office365users","connectionName":"shared_office365users","operationId":"HttpRequest"},"authentication":"@parameters('$authentication')"}},"Check_If_Entra_ID_User_Match_For_Caller_Number_E164":{"actions":{"Set_CallerDisplayName_E164":{"metadata":{"operationMetadataId":"f4d425fb-3f5e-4945-8fef-b066514f818a"},"type":"SetVariable","inputs":{"name":"CallerDisplayName","value":"@{outputs('Check_Caller_Number_Entra_ID_E164')?['body']?['value'][0]['displayName']}"}},"Set_CallerDisplayEmail_E164":{"runAfter":{"Set_CallerDisplayName_E164":["Succeeded"]},"metadata":{"operationMetadataId":"e0d1324d-1efa-43e8-aee9-7800e696a30d"},"type":"SetVariable","inputs":{"name":"CallerEmailAddress","value":"@{outputs('Check_Caller_Number_Entra_ID_E164')?['body']?['value'][0]['mail']}"}},"Set_CallerIsInternalTeamsUser_E164":{"runAfter":{"Set_CallerDisplayEmail_E164":["Succeeded"]},"metadata":{"operationMetadataId":"b66261ce-702d-4f69-954f-04bd9d9d82bc"},"type":"SetVariable","inputs":{"name":"CallerIsInternalTeamsUser","value":true}}},"runAfter":{"Check_Caller_Number_Entra_ID_E164":["Succeeded"]},"else":{"actions":{"Set_CallerIsInternalTeamsUser_False":{"metadata":{"operationMetadataId":"9fc680bc-9443-4658-9aa5-4426a8deebb7"},"type":"SetVariable","inputs":{"name":"CallerIsInternalTeamsUser","value":false}}}},"expression":{"greaterOrEquals":["@outputs('Check_Caller_Number_Entra_ID_E164')?['body']?['@odata.count']",1]},"metadata":{"operationMetadataId":"e7b94828-a119-441e-ad69-7c7af7f6abe9"},"type":"If"}}},"expression":{"greaterOrEquals":["@outputs('Check_Caller_Number_Entra_ID_Formatted')?['body']?['@odata.count']",1]},"metadata":{"operationMetadataId":"e5759ad2-ae3b-4b73-9fbb-5f39d4b52cbe"},"type":"If"},"If_CallerIsInternalTeamsUser_True":{"actions":{"Append_Email_to_string_variable_TeamsCallingDeepLinkNative":{"metadata":{"operationMetadataId":"7c946e63-1846-40eb-9ffb-1f5d5164ba08"},"type":"AppendToStringVariable","inputs":{"name":"TeamsCallingDeepLinkNative","value":"@variables('CallerEmailAddress')"}},"Append_Email_to_string_variable_TeamsChatDeepLink":{"runAfter":{"Append_Email_to_string_variable_TeamsCallingDeepLinkNative":["Succeeded"]},"metadata":{"operationMetadataId":"06025628-024e-4a54-b477-8932d6877b17"},"type":"AppendToStringVariable","inputs":{"name":"TeamsChatDeepLink","value":"@variables('CallerEmailAddress')"}},"Set_CallerNameJsonObject":{"runAfter":{"Append_Email_to_string_variable_TeamsChatDeepLink":["Succeeded"]},"metadata":{"operationMetadataId":"a3bdda40-36e3-4524-9dc8-ece2b451daa8"},"type":"SetVariable","inputs":{"name":"CallerNameJsonObject","value":"                {\n                    \"title\": \"Caller Name\",\n                    \"value\": \"@{variables('CallerDisplayName')}\"\n                },"}},"Set_variable_CallOnTeamsButtonJsonObject":{"runAfter":{"Set_CallerNameJsonObject":["Succeeded"]},"metadata":{"operationMetadataId":"73e07c01-4f1c-4a84-a9d0-5a1cec557a17"},"type":"SetVariable","inputs":{"name":"CallOnTeamsButtonJsonObject","value":"                {\n                    \"type\": \"Action.OpenUrl\",\n                    \"title\": \"Call on Teams\",\n                    \"style\": \"positive\",\n                    \"url\": \"@{variables('TeamsCallingDeepLinkNative')}\",\n                    \"tooltip\": \"Click to start a native Teams call to @{variables('CallerDisplayName')}...\"\n                },"}},"Set_variable_ChatOnTeamsButtonJsonObject":{"runAfter":{"Set_variable_CallOnTeamsButtonJsonObject":["Succeeded"]},"metadata":{"operationMetadataId":"c43b2cdb-4cd5-4e1d-adf1-5b80d1c39ac7"},"type":"SetVariable","inputs":{"name":"ChatOnTeamsButtonJsonObject","value":"                {\n                    \"type\": \"Action.OpenUrl\",\n                    \"title\": \"Chat on Teams\",\n                    \"style\": \"positive\",\n                    \"url\": \"@{variables('TeamsChatDeepLink')}\",\n                    \"tooltip\": \"Click to start a Teams chat with @{variables('CallerDisplayName')}...\"\n                },"}}},"runAfter":{"Check_If_Entra_ID_User_Match_For_Caller_Number_Formatted":["Succeeded"]},"else":{"actions":{}},"expression":{"equals":["@variables('CallerIsInternalTeamsUser')",true]},"metadata":{"operationMetadataId":"960c5b70-7c31-4c54-9a02-b59cf84ffbe9"},"type":"If"}}},"expression":{"equals":["@variables('CallIdExistsInCallLog')",true]},"metadata":{"operationMetadataId":"7387f5f7-e8af-46c1-b706-63d897203bcd"},"type":"If"},"Send_a_Microsoft_Graph_HTTP_request":{"metadata":{"operationMetadataId":"ecdc74cf-523b-4fe3-8327-84effe7fcd72"},"type":"OpenApiConnection","inputs":{"parameters":{"Uri":"https://graph.microsoft.com/v1.0/me/chats/48%3Acalllogs/messages?$top=50","Method":"GET","ContentType":"application/json"},"host":{"apiId":"/providers/Microsoft.PowerApps/apis/shared_teams","connectionName":"shared_teams","operationId":"HttpRequest"},"authentication":"@parameters('$authentication')"}}},"runAfter":{"For_Each_Message":["Succeeded"]},"else":{"actions":{}},"expression":{"not":{"equals":["@variables('AlreadyNotified')",true]}},"metadata":{"operationMetadataId":"69346b8f-72d1-492c-ab1d-8736a29caec5"},"type":"If"},"Initialize_NotificationChannelId":{"runAfter":{"Initialize_CallDuration":["Succeeded"]},"metadata":{"operationMetadataId":"4af422d4-7e22-4885-88fe-c5f9e4592acc"},"type":"InitializeVariable","inputs":{"variables":[{"name":"NotificationChannelId","type":"string","value":"@body('Parse_Request_JSON')?['NotificationChannelId']"}]}},"Compose_Request_JSON":{"runAfter":{},"metadata":{"operationMetadataId":"7ce23000-80dc-4842-b2f1-1258db41a0e2"},"type":"Compose","inputs":"@triggerOutputs()['headers']"},"Parse_Request_JSON":{"runAfter":{"Compose_Request_JSON":["Succeeded"]},"metadata":{"operationMetadataId":"a34d3742-025a-4d4b-892a-e953c7ac0a55"},"type":"ParseJson","inputs":{"content":"@outputs('Compose_Request_JSON')","schema":{"type":"object","properties":{"CallerNumberPretty":{"type":"string"},"NotificationTeamId":{"type":"string"},"NotificationChannelId":{"type":"string"},"EndTime":{"type":"string"},"CalleeNumberPretty":{"type":"string"},"CallerNumber":{"type":"string"},"CalledVoiceApp":{"type":"string"},"CallDuration":{"type":"string"},"CalleeNumber":{"type":"string"},"StartTime":{"type":"string"},"CallId":{"type":"string"},"SessionIds":{"type":"string"}}}}},"Initialize_ReportedDateTime":{"runAfter":{"Parse_Request_JSON":["Succeeded"]},"metadata":{"operationMetadataId":"1e4e15fe-538f-40fe-9a10-c5c2ffdc8b68"},"type":"InitializeVariable","inputs":{"variables":[{"name":"ReportedDateTime","type":"string","value":"@{utcNow()}"}]}},"Initialize_CallerNameJsonObject":{"runAfter":{"Parse_Request_JSON":["Succeeded"]},"metadata":{"operationMetadataId":"c9f5b531-0aff-401c-be82-3dd2f3a665c4"},"type":"InitializeVariable","inputs":{"variables":[{"name":"CallerNameJsonObject","type":"string"}]}},"Initialize_CallIdExistsInCallLog":{"runAfter":{"Initialize_ReportedDateTime":["Succeeded"]},"metadata":{"operationMetadataId":"fe73a8a0-6fbc-4622-b07e-75b8145c532a"},"type":"InitializeVariable","inputs":{"variables":[{"name":"CallIdExistsInCallLog","type":"boolean","value":false}]}},"Initialize_AlreadyNotified":{"runAfter":{"Initialize_CallIdExistsInCallLog":["Succeeded"]},"metadata":{"operationMetadataId":"570885c1-c13e-42e0-827c-8bcbc0f0d62c"},"type":"InitializeVariable","inputs":{"variables":[{"name":"AlreadyNotified","type":"boolean","value":false}]}},"Initialize_TeamsCallingDeepLinkNative":{"runAfter":{"Initialize_AlreadyNotified":["Succeeded"]},"metadata":{"operationMetadataId":"898ff6a6-462b-4303-88a3-1103cd18059e"},"type":"InitializeVariable","inputs":{"variables":[{"name":"TeamsCallingDeepLinkNative","type":"string","value":"https://teams.microsoft.com/l/call/0/0?users="}]}},"Initialize_TeamsChatDeepLink":{"runAfter":{"Initialize_TeamsCallingDeepLinkNative":["Succeeded"]},"metadata":{"operationMetadataId":"898ff6a6-462b-4303-88a3-1103cd18059e"},"type":"InitializeVariable","inputs":{"variables":[{"name":"TeamsChatDeepLink","type":"string","value":"https://teams.microsoft.com/l/chat/0/0?users="}]}},"Initialize_ChatOnTeamsButtonJsonObject":{"runAfter":{"Initialize_CallerNameJsonObject":["Succeeded"]},"metadata":{"operationMetadataId":"c9f5b531-0aff-401c-be82-3dd2f3a665c4"},"type":"InitializeVariable","inputs":{"variables":[{"name":"ChatOnTeamsButtonJsonObject","type":"string"}]}},"Initialize_CallOnTeamsButtonJsonObject":{"runAfter":{"Initialize_ChatOnTeamsButtonJsonObject":["Succeeded"]},"metadata":{"operationMetadataId":"c9f5b531-0aff-401c-be82-3dd2f3a665c4"},"type":"InitializeVariable","inputs":{"variables":[{"name":"CallOnTeamsButtonJsonObject","type":"string"}]}},"Initialize_CallerDisplayName":{"runAfter":{"Initialize_CallOnTeamsButtonJsonObject":["Succeeded"]},"metadata":{"operationMetadataId":"63701d31-f238-4f29-a3d9-17658243ea79"},"type":"InitializeVariable","inputs":{"variables":[{"name":"CallerDisplayName","type":"string"}]}},"Initialize_CallerEmailAddress":{"runAfter":{"Initialize_CallerDisplayName":["Succeeded"]},"metadata":{"operationMetadataId":"c2c2980c-0182-4c7d-8de5-f03f43bc066e"},"type":"InitializeVariable","inputs":{"variables":[{"name":"CallerEmailAddress","type":"string"}]}},"Initialize_CallerIsInternalTeamsUser":{"runAfter":{"Initialize_TeamsChatDeepLink":["Succeeded"]},"metadata":{"operationMetadataId":"559400fb-4b94-4c8c-b8a3-1e23b750750a"},"type":"InitializeVariable","inputs":{"variables":[{"name":"CallerIsInternalTeamsUser","type":"boolean","value":false}]}},"Initialize_CompletedDateTime":{"runAfter":{"Initialize_CallerEmailAddress":["Succeeded"]},"metadata":{"operationMetadataId":"08c6d24a-fc39-443a-a1d4-195aae3efd7d"},"type":"InitializeVariable","inputs":{"variables":[{"name":"CompletedDateTime","type":"string"}]}},"Initialize_CompletionDurationString":{"runAfter":{"Initialize_CompletedDateTime":["Succeeded"]},"metadata":{"operationMetadataId":"7046906b-9aa9-426c-8f26-37b4dc349872"},"type":"InitializeVariable","inputs":{"variables":[{"name":"CompletionDurationString","type":"string"}]}},"Initialize_CompletionDurationInteger":{"runAfter":{"Initialize_CompletionDurationString":["Succeeded"]},"metadata":{"operationMetadataId":"ed2199dd-4d86-47e7-b523-662a8635962d"},"type":"InitializeVariable","inputs":{"variables":[{"name":"CompletionDurationInteger","type":"integer"}]}},"Initialize_CompletionNetDurationString":{"runAfter":{"Initialize_CompletionDurationInteger":["Succeeded"]},"metadata":{"operationMetadataId":"7046906b-9aa9-426c-8f26-37b4dc349872"},"type":"InitializeVariable","inputs":{"variables":[{"name":"CompletionNetDurationString","type":"string"}]}},"Initialize_CompletionNetDurationInteger":{"runAfter":{"Initialize_CompletionNetDurationString":["Succeeded"]},"metadata":{"operationMetadataId":"ed2199dd-4d86-47e7-b523-662a8635962d"},"type":"InitializeVariable","inputs":{"variables":[{"name":"CompletionNetDurationInteger","type":"integer"}]}},"Initialize_ReortDurationString":{"runAfter":{"Initialize_CompletionNetDurationInteger":["Succeeded"]},"metadata":{"operationMetadataId":"7046906b-9aa9-426c-8f26-37b4dc349872"},"type":"InitializeVariable","inputs":{"variables":[{"name":"ReportDurationString","type":"string"}]}},"Initialize_ReportDurationInteger":{"runAfter":{"Initialize_ReortDurationString":["Succeeded"]},"metadata":{"operationMetadataId":"ed2199dd-4d86-47e7-b523-662a8635962d"},"type":"InitializeVariable","inputs":{"variables":[{"name":"ReportDurationInteger","type":"integer"}]}},"Initialize_EmojiUrl":{"runAfter":{"Initialize_ReportDurationInteger":["Succeeded"]},"metadata":{"operationMetadataId":"b555af86-a8f5-408e-a2be-b4676ff0f2e4"},"type":"InitializeVariable","inputs":{"variables":[{"name":"EmojiUrl","type":"string"}]}},"Initialize_NotificationChannelName":{"runAfter":{"Initialize_CallerIsInternalTeamsUser":["Succeeded"]},"metadata":{"operationMetadataId":"ea7ac75c-c001-46f4-938b-e6faf5d37f54"},"type":"InitializeVariable","inputs":{"variables":[{"name":"NotificationChannelName","type":"string","value":"Q Works Notifications"}]}},"Initialize_SessionIdsJoinedString":{"runAfter":{"Initialize_CallId":["Succeeded"]},"type":"InitializeVariable","inputs":{"variables":[{"name":"SessionIdsJoinedString","type":"string","value":"@body('Parse_Request_JSON')?['SessionIds']"}]}},"Initialize_TeamsCallingDeepLink":{"runAfter":{"Initialize_CallerNumber":["Succeeded"]},"metadata":{"operationMetadataId":"898ff6a6-462b-4303-88a3-1103cd18059e"},"type":"InitializeVariable","inputs":{"variables":[{"name":"TeamsCallingDeepLink","type":"string","value":"https://teams.microsoft.com/l/call/0/0?users=4:@{replace(variables('CallerNumber'), '+', '%2B')}"}]}},"Compose_SessionIds":{"runAfter":{"Initialize_SessionIdsJoinedString":["Succeeded"]},"type":"Compose","inputs":"@split(variables('SessionIdsJoinedString'), ';')"},"Initialize_SessionIds":{"runAfter":{"Compose_SessionIds":["Succeeded"]},"type":"InitializeVariable","inputs":{"variables":[{"name":"SessionIds","type":"array","value":"@outputs('Compose_SessionIds')"}]}}},"outputs":{}},"connectionReferences":{"shared_teams":{"connectionName":"shared-teams-c0996ce6-f9bc-4f4f-b380-7e5c7b39d9fd","source":"Embedded","id":"/providers/Microsoft.PowerApps/apis/shared_teams","tier":"NotSpecified"},"shared_teams_1":{"connectionName":"shared-teams-c0996ce6-f9bc-4f4f-b380-7e5c7b39d9fd","source":"Embedded","id":"/providers/Microsoft.PowerApps/apis/shared_teams","tier":"NotSpecified"},"shared_office365users":{"connectionName":"shared-office365user-6c27e5aa-64a2-44a3-8d77-84f35e4f9f4c","source":"Embedded","id":"/providers/Microsoft.PowerApps/apis/shared_office365users","tier":"NotSpecified"}},"flowFailureAlertSubscribed":false,"isManaged":false}}